﻿{"cameraMode":{"drawMode":0,"name":"Shaded","section":"Shading Mode"},"sceneLighting":true,"audioPlay":false,"sceneViewState":{"m_AlwaysRefresh":false,"showFog":true,"showSkybox":true,"showFlares":true,"showImageEffects":true,"showParticleSystems":true,"showVisualEffectGraphs":true,"m_FxEnabled":true},"in2DMode":false,"pivot":{"x":-4.5,"y":7.5,"z":0.0},"rotation":{"x":-0.11673146486282349,"y":0.005958960857242346,"z":0.0007006601663306356,"w":0.9931473731994629},"size":10.0,"orthographic":false}